[
	{
		"country_id": 1,
		"country_name": "South Africa",
		"alpha2": "ZA",
		"alpha3": "ZAF",
		"country_code": 710,
		"region": "Africa",
		"sub_region": "Sub-Saharan Africa",
		"intermediate_region": "Southern Africa",
		"region_code": 2,
		"sub_region_code": 202,
		"intermediate_region_code": 18
	},
	{
		"country_id": 2,
		"country_name": "South Georgia and the South Sandwich Islands",
		"alpha2": "GS",
		"alpha3": "SGS",
		"country_code": 239,
		"region": "Americas",
		"sub_region": "Latin America and the Caribbean",
		"intermediate_region": "South America",
		"region_code": 19,
		"sub_region_code": 419,
		"intermediate_region_code": 5
	},
	{
		"country_id": 3,
		"country_name": "South Sudan",
		"alpha2": "SS",
		"alpha3": "SSD",
		"country_code": 728,
		"region": "Africa",
		"sub_region": "Sub-Saharan Africa",
		"intermediate_region": "Eastern Africa",
		"region_code": 2,
		"sub_region_code": 202,
		"intermediate_region_code": 14
	},
	{
		"country_id": 4,
		"country_name": "Spain",
		"alpha2": "ES",
		"alpha3": "ESP",
		"country_code": 724,
		"region": "Europe",
		"sub_region": "Southern Europe",
		"region_code": 150,
		"sub_region_code": 39
	},
	{
		"country_id": 5,
		"country_name": "Sri Lanka",
		"alpha2": "LK",
		"alpha3": "LKA",
		"country_code": 144,
		"region": "Asia",
		"sub_region": "Southern Asia",
		"region_code": 142,
		"sub_region_code": 34
	},
	{
		"country_id": 6,
		"country_name": "Sudan",
		"alpha2": "SD",
		"alpha3": "SDN",
		"country_code": 729,
		"region": "Africa",
		"sub_region": "Northern Africa",
		"region_code": 2,
		"sub_region_code": 15
	},
	{
		"country_id": 7,
		"country_name": "Suriname",
		"alpha2": "SR",
		"alpha3": "SUR",
		"country_code": 740,
		"region": "Americas",
		"sub_region": "Latin America and the Caribbean",
		"intermediate_region": "South America",
		"region_code": 19,
		"sub_region_code": 419,
		"intermediate_region_code": 5
	},
	{
		"country_id": 8,
		"country_name": "Svalbard and Jan Mayen",
		"alpha2": "SJ",
		"alpha3": "SJM",
		"country_code": 744,
		"region": "Europe",
		"sub_region": "Northern Europe",
		"region_code": 150,
		"sub_region_code": 154
	},
	{
		"country_id": 9,
		"country_name": "Sweden",
		"alpha2": "SE",
		"alpha3": "SWE",
		"country_code": 752,
		"region": "Europe",
		"sub_region": "Northern Europe",
		"region_code": 150,
		"sub_region_code": 154
	},
	{
		"country_id": 10,
		"country_name": "Switzerland",
		"alpha2": "CH",
		"alpha3": "CHE",
		"country_code": 756,
		"region": "Europe",
		"sub_region": "Western Europe",
		"region_code": 150,
		"sub_region_code": 155
	},
	{
		"country_id": 11,
		"country_name": "Syrian Arab Republic",
		"alpha2": "SY",
		"alpha3": "SYR",
		"country_code": 760,
		"region": "Asia",
		"sub_region": "Western Asia",
		"region_code": 142,
		"sub_region_code": 145
	},
	{
		"country_id": 12,
		"country_name": "Taiwan, Province of China",
		"alpha2": "TW",
		"alpha3": "TWN",
		"country_code": 158,
		"region": "Asia",
		"sub_region": "Eastern Asia",
		"region_code": 142,
		"sub_region_code": 30
	},
	{
		"country_id": 13,
		"country_name": "Tajikistan",
		"alpha2": "TJ",
		"alpha3": "TJK",
		"country_code": 762,
		"region": "Asia",
		"sub_region": "Central Asia",
		"region_code": 142,
		"sub_region_code": 143
	},
	{
		"country_id": 14,
		"country_name": "Tanzania, United Republic of",
		"alpha2": "TZ",
		"alpha3": "TZA",
		"country_code": 834,
		"region": "Africa",
		"sub_region": "Sub-Saharan Africa",
		"intermediate_region": "Eastern Africa",
		"region_code": 2,
		"sub_region_code": 202,
		"intermediate_region_code": 14
	},
	{
		"country_id": 15,
		"country_name": "Thailand",
		"alpha2": "TH",
		"alpha3": "THA",
		"country_code": 764,
		"region": "Asia",
		"sub_region": "South-eastern Asia",
		"region_code": 142,
		"sub_region_code": 35
	},
	{
		"country_id": 16,
		"country_name": "Timor-Leste",
		"alpha2": "TL",
		"alpha3": "TLS",
		"country_code": 626,
		"region": "Asia",
		"sub_region": "South-eastern Asia",
		"region_code": 142,
		"sub_region_code": 35
	},
	{
		"country_id": 17,
		"country_name": "Togo",
		"alpha2": "TG",
		"alpha3": "TGO",
		"country_code": 768,
		"region": "Africa",
		"sub_region": "Sub-Saharan Africa",
		"intermediate_region": "Western Africa",
		"region_code": 2,
		"sub_region_code": 202,
		"intermediate_region_code": 11
	},
	{
		"country_id": 18,
		"country_name": "Tokelau",
		"alpha2": "TK",
		"alpha3": "TKL",
		"country_code": 772,
		"region": "Oceania",
		"sub_region": "Polynesia",
		"region_code": 9,
		"sub_region_code": 61
	},
	{
		"country_id": 19,
		"country_name": "Tonga",
		"alpha2": "TO",
		"alpha3": "TON",
		"country_code": 776,
		"region": "Oceania",
		"sub_region": "Polynesia",
		"region_code": 9,
		"sub_region_code": 61
	},
	{
		"country_id": 20,
		"country_name": "Trinidad and Tobago",
		"alpha2": "TT",
		"alpha3": "TTO",
		"country_code": 780,
		"region": "Americas",
		"sub_region": "Latin America and the Caribbean",
		"intermediate_region": "Caribbean",
		"region_code": 19,
		"sub_region_code": 419,
		"intermediate_region_code": 29
	},
	{
		"country_id": 21,
		"country_name": "Tunisia",
		"alpha2": "TN",
		"alpha3": "TUN",
		"country_code": 788,
		"region": "Africa",
		"sub_region": "Northern Africa",
		"region_code": 2,
		"sub_region_code": 15
	},
	{
		"country_id": 22,
		"country_name": "Turkey",
		"alpha2": "TR",
		"alpha3": "TUR",
		"country_code": 792,
		"region": "Asia",
		"sub_region": "Western Asia",
		"region_code": 142,
		"sub_region_code": 145
	},
	{
		"country_id": 23,
		"country_name": "Turkmenistan",
		"alpha2": "TM",
		"alpha3": "TKM",
		"country_code": 795,
		"region": "Asia",
		"sub_region": "Central Asia",
		"region_code": 142,
		"sub_region_code": 143
	},
	{
		"country_id": 24,
		"country_name": "Turks and Caicos Islands",
		"alpha2": "TC",
		"alpha3": "TCA",
		"country_code": 796,
		"region": "Americas",
		"sub_region": "Latin America and the Caribbean",
		"intermediate_region": "Caribbean",
		"region_code": 19,
		"sub_region_code": 419,
		"intermediate_region_code": 29
	},
	{
		"country_id": 25,
		"country_name": "Tuvalu",
		"alpha2": "TV",
		"alpha3": "TUV",
		"country_code": 798,
		"region": "Oceania",
		"sub_region": "Polynesia",
		"region_code": 9,
		"sub_region_code": 61
	},
	{
		"country_id": 26,
		"country_name": "Uganda",
		"alpha2": "UG",
		"alpha3": "UGA",
		"country_code": 800,
		"region": "Africa",
		"sub_region": "Sub-Saharan Africa",
		"intermediate_region": "Eastern Africa",
		"region_code": 2,
		"sub_region_code": 202,
		"intermediate_region_code": 14
	},
	{
		"country_id": 27,
		"country_name": "Ukraine",
		"alpha2": "UA",
		"alpha3": "UKR",
		"country_code": 804,
		"region": "Europe",
		"sub_region": "Eastern Europe",
		"region_code": 150,
		"sub_region_code": 151
	},
	{
		"country_id": 28,
		"country_name": "United Arab Emirates",
		"alpha2": "AE",
		"alpha3": "ARE",
		"country_code": 784,
		"region": "Asia",
		"sub_region": "Western Asia",
		"region_code": 142,
		"sub_region_code": 145
	},
	{
		"country_id": 29,
		"country_name": "United Kingdom of Great Britain and Northern Ireland",
		"alpha2": "GB",
		"alpha3": "GBR",
		"country_code": 826,
		"region": "Europe",
		"sub_region": "Northern Europe",
		"region_code": 150,
		"sub_region_code": 154
	},
	{
		"country_id": 30,
		"country_name": "United States of America",
		"alpha2": "US",
		"alpha3": "USA",
		"country_code": 840,
		"region": "Americas",
		"sub_region": "Northern America",
		"region_code": 19,
		"sub_region_code": 21
	},
	{
		"country_id": 31,
		"country_name": "United States Minor Outlying Islands",
		"alpha2": "UM",
		"alpha3": "UMI",
		"country_code": 581,
		"region": "Oceania",
		"sub_region": "Micronesia",
		"region_code": 9,
		"sub_region_code": 57
	},
	{
		"country_id": 32,
		"country_name": "Uruguay",
		"alpha2": "UY",
		"alpha3": "URY",
		"country_code": 858,
		"region": "Americas",
		"sub_region": "Latin America and the Caribbean",
		"intermediate_region": "South America",
		"region_code": 19,
		"sub_region_code": 419,
		"intermediate_region_code": 5
	},
	{
		"country_id": 33,
		"country_name": "Uzbekistan",
		"alpha2": "UZ",
		"alpha3": "UZB",
		"country_code": 860,
		"region": "Asia",
		"sub_region": "Central Asia",
		"region_code": 142,
		"sub_region_code": 143
	},
	{
		"country_id": 34,
		"country_name": "Vanuatu",
		"alpha2": "VU",
		"alpha3": "VUT",
		"country_code": 548,
		"region": "Oceania",
		"sub_region": "Melanesia",
		"region_code": 9,
		"sub_region_code": 54
	},
	{
		"country_id": 35,
		"country_name": "Venezuela (Bolivarian Republic of)",
		"alpha2": "VE",
		"alpha3": "VEN",
		"country_code": 862,
		"region": "Americas",
		"sub_region": "Latin America and the Caribbean",
		"intermediate_region": "South America",
		"region_code": 19,
		"sub_region_code": 419,
		"intermediate_region_code": 5
	},
	{
		"country_id": 36,
		"country_name": "Viet Nam",
		"alpha2": "VN",
		"alpha3": "VNM",
		"country_code": 704,
		"region": "Asia",
		"sub_region": "South-eastern Asia",
		"region_code": 142,
		"sub_region_code": 35
	},
	{
		"country_id": 37,
		"country_name": "Virgin Islands (British)",
		"alpha2": "VG",
		"alpha3": "VGB",
		"country_code": 92,
		"region": "Americas",
		"sub_region": "Latin America and the Caribbean",
		"intermediate_region": "Caribbean",
		"region_code": 19,
		"sub_region_code": 419,
		"intermediate_region_code": 29
	},
	{
		"country_id": 38,
		"country_name": "Virgin Islands (U.S.)",
		"alpha2": "VI",
		"alpha3": "VIR",
		"country_code": 850,
		"region": "Americas",
		"sub_region": "Latin America and the Caribbean",
		"intermediate_region": "Caribbean",
		"region_code": 19,
		"sub_region_code": 419,
		"intermediate_region_code": 29
	},
	{
		"country_id": 39,
		"country_name": "Wallis and Futuna",
		"alpha2": "WF",
		"alpha3": "WLF",
		"country_code": 876,
		"region": "Oceania",
		"sub_region": "Polynesia",
		"region_code": 9,
		"sub_region_code": 61
	},
	{
		"country_id": 40,
		"country_name": "Western Sahara",
		"alpha2": "EH",
		"alpha3": "ESH",
		"country_code": 732,
		"region": "Africa",
		"sub_region": "Northern Africa",
		"region_code": 2,
		"sub_region_code": 15
	},
	{
		"country_id": 41,
		"country_name": "Yemen",
		"alpha2": "YE",
		"alpha3": "YEM",
		"country_code": 887,
		"region": "Asia",
		"sub_region": "Western Asia",
		"region_code": 142,
		"sub_region_code": 145
	},
	{
		"country_id": 42,
		"country_name": "Zambia",
		"alpha2": "ZM",
		"alpha3": "ZMB",
		"country_code": 894,
		"region": "Africa",
		"sub_region": "Sub-Saharan Africa",
		"intermediate_region": "Eastern Africa",
		"region_code": 2,
		"sub_region_code": 202,
		"intermediate_region_code": 14
	},
	{
		"country_id": 43,
		"country_name": "Zimbabwe",
		"alpha2": "ZW",
		"alpha3": "ZWE",
		"country_code": 716,
		"region": "Africa",
		"sub_region": "Sub-Saharan Africa",
		"intermediate_region": "Eastern Africa",
		"region_code": 2,
		"sub_region_code": 202,
		"intermediate_region_code": 14
	},
	{
		"country_id": 44,
		"country_name": "Honduras",
		"alpha2": "HN",
		"alpha3": "HND",
		"country_code": 340,
		"region": "Americas",
		"sub_region": "Latin America and the Caribbean",
		"intermediate_region": "Central America",
		"region_code": 19,
		"sub_region_code": 419,
		"intermediate_region_code": 13
	},
	{
		"country_id": 45,
		"country_name": "Hong Kong",
		"alpha2": "HK",
		"alpha3": "HKG",
		"country_code": 344,
		"region": "Asia",
		"sub_region": "Eastern Asia",
		"region_code": 142,
		"sub_region_code": 30
	},
	{
		"country_id": 46,
		"country_name": "Hungary",
		"alpha2": "HU",
		"alpha3": "HUN",
		"country_code": 348,
		"region": "Europe",
		"sub_region": "Eastern Europe",
		"region_code": 150,
		"sub_region_code": 151
	},
	{
		"country_id": 47,
		"country_name": "Iceland",
		"alpha2": "IS",
		"alpha3": "ISL",
		"country_code": 352,
		"region": "Europe",
		"sub_region": "Northern Europe",
		"region_code": 150,
		"sub_region_code": 154
	},
	{
		"country_id": 48,
		"country_name": "India",
		"alpha2": "IN",
		"alpha3": "IND",
		"country_code": 356,
		"region": "Asia",
		"sub_region": "Southern Asia",
		"region_code": 142,
		"sub_region_code": 34
	},
	{
		"country_id": 49,
		"country_name": "Indonesia",
		"alpha2": "ID",
		"alpha3": "IDN",
		"country_code": 360,
		"region": "Asia",
		"sub_region": "South-eastern Asia",
		"region_code": 142,
		"sub_region_code": 35
	},
	{
		"country_id": 50,
		"country_name": "Iran (Islamic Republic of)",
		"alpha2": "IR",
		"alpha3": "IRN",
		"country_code": 364,
		"region": "Asia",
		"sub_region": "Southern Asia",
		"region_code": 142,
		"sub_region_code": 34
	},
	{
		"country_id": 51,
		"country_name": "Iraq",
		"alpha2": "IQ",
		"alpha3": "IRQ",
		"country_code": 368,
		"region": "Asia",
		"sub_region": "Western Asia",
		"region_code": 142,
		"sub_region_code": 145
	},
	{
		"country_id": 52,
		"country_name": "Ireland",
		"alpha2": "IE",
		"alpha3": "IRL",
		"country_code": 372,
		"region": "Europe",
		"sub_region": "Northern Europe",
		"region_code": 150,
		"sub_region_code": 154
	},
	{
		"country_id": 53,
		"country_name": "Isle of Man",
		"alpha2": "IM",
		"alpha3": "IMN",
		"country_code": 833,
		"region": "Europe",
		"sub_region": "Northern Europe",
		"region_code": 150,
		"sub_region_code": 154
	},
	{
		"country_id": 54,
		"country_name": "Israel",
		"alpha2": "IL",
		"alpha3": "ISR",
		"country_code": 376,
		"region": "Asia",
		"sub_region": "Western Asia",
		"region_code": 142,
		"sub_region_code": 145
	},
	{
		"country_id": 55,
		"country_name": "Italy",
		"alpha2": "IT",
		"alpha3": "ITA",
		"country_code": 380,
		"region": "Europe",
		"sub_region": "Southern Europe",
		"region_code": 150,
		"sub_region_code": 39
	},
	{
		"country_id": 56,
		"country_name": "Jamaica",
		"alpha2": "JM",
		"alpha3": "JAM",
		"country_code": 388,
		"region": "Americas",
		"sub_region": "Latin America and the Caribbean",
		"intermediate_region": "Caribbean",
		"region_code": 19,
		"sub_region_code": 419,
		"intermediate_region_code": 29
	},
	{
		"country_id": 57,
		"country_name": "Japan",
		"alpha2": "JP",
		"alpha3": "JPN",
		"country_code": 392,
		"region": "Asia",
		"sub_region": "Eastern Asia",
		"region_code": 142,
		"sub_region_code": 30
	},
	{
		"country_id": 58,
		"country_name": "Jersey",
		"alpha2": "JE",
		"alpha3": "JEY",
		"country_code": 832,
		"region": "Europe",
		"sub_region": "Northern Europe",
		"intermediate_region": "Channel Islands",
		"region_code": 150,
		"sub_region_code": 154,
		"intermediate_region_code": 830
	},
	{
		"country_id": 59,
		"country_name": "Jordan",
		"alpha2": "JO",
		"alpha3": "JOR",
		"country_code": 400,
		"region": "Asia",
		"sub_region": "Western Asia",
		"region_code": 142,
		"sub_region_code": 145
	},
	{
		"country_id": 60,
		"country_name": "Kazakhstan",
		"alpha2": "KZ",
		"alpha3": "KAZ",
		"country_code": 398,
		"region": "Asia",
		"sub_region": "Central Asia",
		"region_code": 142,
		"sub_region_code": 143
	},
	{
		"country_id": 61,
		"country_name": "Kenya",
		"alpha2": "KE",
		"alpha3": "KEN",
		"country_code": 404,
		"region": "Africa",
		"sub_region": "Sub-Saharan Africa",
		"intermediate_region": "Eastern Africa",
		"region_code": 2,
		"sub_region_code": 202,
		"intermediate_region_code": 14
	},
	{
		"country_id": 62,
		"country_name": "Kiribati",
		"alpha2": "KI",
		"alpha3": "KIR",
		"country_code": 296,
		"region": "Oceania",
		"sub_region": "Micronesia",
		"region_code": 9,
		"sub_region_code": 57
	},
	{
		"country_id": 63,
		"country_name": "Korea (Democratic People's Republic of)",
		"alpha2": "KP",
		"alpha3": "PRK",
		"country_code": 408,
		"region": "Asia",
		"sub_region": "Eastern Asia",
		"region_code": 142,
		"sub_region_code": 30
	},
	{
		"country_id": 64,
		"country_name": "Korea, Republic of",
		"alpha2": "KR",
		"alpha3": "KOR",
		"country_code": 410,
		"region": "Asia",
		"sub_region": "Eastern Asia",
		"region_code": 142,
		"sub_region_code": 30
	},
	{
		"country_id": 65,
		"country_name": "Kuwait",
		"alpha2": "KW",
		"alpha3": "KWT",
		"country_code": 414,
		"region": "Asia",
		"sub_region": "Western Asia",
		"region_code": 142,
		"sub_region_code": 145
	},
	{
		"country_id": 66,
		"country_name": "Kyrgyzstan",
		"alpha2": "KG",
		"alpha3": "KGZ",
		"country_code": 417,
		"region": "Asia",
		"sub_region": "Central Asia",
		"region_code": 142,
		"sub_region_code": 143
	},
	{
		"country_id": 67,
		"country_name": "Lao People's Democratic Republic",
		"alpha2": "LA",
		"alpha3": "LAO",
		"country_code": 418,
		"region": "Asia",
		"sub_region": "South-eastern Asia",
		"region_code": 142,
		"sub_region_code": 35
	},
	{
		"country_id": 68,
		"country_name": "Latvia",
		"alpha2": "LV",
		"alpha3": "LVA",
		"country_code": 428,
		"region": "Europe",
		"sub_region": "Northern Europe",
		"region_code": 150,
		"sub_region_code": 154
	},
	{
		"country_id": 69,
		"country_name": "Lebanon",
		"alpha2": "LB",
		"alpha3": "LBN",
		"country_code": 422,
		"region": "Asia",
		"sub_region": "Western Asia",
		"region_code": 142,
		"sub_region_code": 145
	},
	{
		"country_id": 70,
		"country_name": "Lesotho",
		"alpha2": "LS",
		"alpha3": "LSO",
		"country_code": 426,
		"region": "Africa",
		"sub_region": "Sub-Saharan Africa",
		"intermediate_region": "Southern Africa",
		"region_code": 2,
		"sub_region_code": 202,
		"intermediate_region_code": 18
	},
	{
		"country_id": 71,
		"country_name": "Liberia",
		"alpha2": "LR",
		"alpha3": "LBR",
		"country_code": 430,
		"region": "Africa",
		"sub_region": "Sub-Saharan Africa",
		"intermediate_region": "Western Africa",
		"region_code": 2,
		"sub_region_code": 202,
		"intermediate_region_code": 11
	},
	{
		"country_id": 72,
		"country_name": "Libya",
		"alpha2": "LY",
		"alpha3": "LBY",
		"country_code": 434,
		"region": "Africa",
		"sub_region": "Northern Africa",
		"region_code": 2,
		"sub_region_code": 15
	},
	{
		"country_id": 73,
		"country_name": "Liechtenstein",
		"alpha2": "LI",
		"alpha3": "LIE",
		"country_code": 438,
		"region": "Europe",
		"sub_region": "Western Europe",
		"region_code": 150,
		"sub_region_code": 155
	},
	{
		"country_id": 74,
		"country_name": "Lithuania",
		"alpha2": "LT",
		"alpha3": "LTU",
		"country_code": 440,
		"region": "Europe",
		"sub_region": "Northern Europe",
		"region_code": 150,
		"sub_region_code": 154
	},
	{
		"country_id": 75,
		"country_name": "Luxembourg",
		"alpha2": "LU",
		"alpha3": "LUX",
		"country_code": 442,
		"region": "Europe",
		"sub_region": "Western Europe",
		"region_code": 150,
		"sub_region_code": 155
	},
	{
		"country_id": 76,
		"country_name": "Macao",
		"alpha2": "MO",
		"alpha3": "MAC",
		"country_code": 446,
		"region": "Asia",
		"sub_region": "Eastern Asia",
		"region_code": 142,
		"sub_region_code": 30
	},
	{
		"country_id": 77,
		"country_name": "Madagascar",
		"alpha2": "MG",
		"alpha3": "MDG",
		"country_code": 450,
		"region": "Africa",
		"sub_region": "Sub-Saharan Africa",
		"intermediate_region": "Eastern Africa",
		"region_code": 2,
		"sub_region_code": 202,
		"intermediate_region_code": 14
	},
	{
		"country_id": 78,
		"country_name": "Malawi",
		"alpha2": "MW",
		"alpha3": "MWI",
		"country_code": 454,
		"region": "Africa",
		"sub_region": "Sub-Saharan Africa",
		"intermediate_region": "Eastern Africa",
		"region_code": 2,
		"sub_region_code": 202,
		"intermediate_region_code": 14
	},
	{
		"country_id": 79,
		"country_name": "Malaysia",
		"alpha2": "MY",
		"alpha3": "MYS",
		"country_code": 458,
		"region": "Asia",
		"sub_region": "South-eastern Asia",
		"region_code": 142,
		"sub_region_code": 35
	},
	{
		"country_id": 80,
		"country_name": "Maldives",
		"alpha2": "MV",
		"alpha3": "MDV",
		"country_code": 462,
		"region": "Asia",
		"sub_region": "Southern Asia",
		"region_code": 142,
		"sub_region_code": 34
	},
	{
		"country_id": 81,
		"country_name": "Mali",
		"alpha2": "ML",
		"alpha3": "MLI",
		"country_code": 466,
		"region": "Africa",
		"sub_region": "Sub-Saharan Africa",
		"intermediate_region": "Western Africa",
		"region_code": 2,
		"sub_region_code": 202,
		"intermediate_region_code": 11
	},
	{
		"country_id": 82,
		"country_name": "Malta",
		"alpha2": "MT",
		"alpha3": "MLT",
		"country_code": 470,
		"region": "Europe",
		"sub_region": "Southern Europe",
		"region_code": 150,
		"sub_region_code": 39
	},
	{
		"country_id": 83,
		"country_name": "Marshall Islands",
		"alpha2": "MH",
		"alpha3": "MHL",
		"country_code": 584,
		"region": "Oceania",
		"sub_region": "Micronesia",
		"region_code": 9,
		"sub_region_code": 57
	},
	{
		"country_id": 84,
		"country_name": "Martinique",
		"alpha2": "MQ",
		"alpha3": "MTQ",
		"country_code": 474,
		"region": "Americas",
		"sub_region": "Latin America and the Caribbean",
		"intermediate_region": "Caribbean",
		"region_code": 19,
		"sub_region_code": 419,
		"intermediate_region_code": 29
	},
	{
		"country_id": 85,
		"country_name": "Mauritania",
		"alpha2": "MR",
		"alpha3": "MRT",
		"country_code": 478,
		"region": "Africa",
		"sub_region": "Sub-Saharan Africa",
		"intermediate_region": "Western Africa",
		"region_code": 2,
		"sub_region_code": 202,
		"intermediate_region_code": 11
	},
	{
		"country_id": 86,
		"country_name": "Mauritius",
		"alpha2": "MU",
		"alpha3": "MUS",
		"country_code": 480,
		"region": "Africa",
		"sub_region": "Sub-Saharan Africa",
		"intermediate_region": "Eastern Africa",
		"region_code": 2,
		"sub_region_code": 202,
		"intermediate_region_code": 14
	},
	{
		"country_id": 87,
		"country_name": "Mayotte",
		"alpha2": "YT",
		"alpha3": "MYT",
		"country_code": 175,
		"region": "Africa",
		"sub_region": "Sub-Saharan Africa",
		"intermediate_region": "Eastern Africa",
		"region_code": 2,
		"sub_region_code": 202,
		"intermediate_region_code": 14
	},
	{
		"country_id": 88,
		"country_name": "Mexico",
		"alpha2": "MX",
		"alpha3": "MEX",
		"country_code": 484,
		"region": "Americas",
		"sub_region": "Latin America and the Caribbean",
		"intermediate_region": "Central America",
		"region_code": 19,
		"sub_region_code": 419,
		"intermediate_region_code": 13
	},
	{
		"country_id": 89,
		"country_name": "Micronesia (Federated States of)",
		"alpha2": "FM",
		"alpha3": "FSM",
		"country_code": 583,
		"region": "Oceania",
		"sub_region": "Micronesia",
		"region_code": 9,
		"sub_region_code": 57
	},
	{
		"country_id": 90,
		"country_name": "Moldova, Republic of",
		"alpha2": "MD",
		"alpha3": "MDA",
		"country_code": 498,
		"region": "Europe",
		"sub_region": "Eastern Europe",
		"region_code": 150,
		"sub_region_code": 151
	},
	{
		"country_id": 91,
		"country_name": "Monaco",
		"alpha2": "MC",
		"alpha3": "MCO",
		"country_code": 492,
		"region": "Europe",
		"sub_region": "Western Europe",
		"region_code": 150,
		"sub_region_code": 155
	},
	{
		"country_id": 92,
		"country_name": "Mongolia",
		"alpha2": "MN",
		"alpha3": "MNG",
		"country_code": 496,
		"region": "Asia",
		"sub_region": "Eastern Asia",
		"region_code": 142,
		"sub_region_code": 30
	},
	{
		"country_id": 93,
		"country_name": "Montenegro",
		"alpha2": "ME",
		"alpha3": "MNE",
		"country_code": 499,
		"region": "Europe",
		"sub_region": "Southern Europe",
		"region_code": 150,
		"sub_region_code": 39
	},
	{
		"country_id": 94,
		"country_name": "Montserrat",
		"alpha2": "MS",
		"alpha3": "MSR",
		"country_code": 500,
		"region": "Americas",
		"sub_region": "Latin America and the Caribbean",
		"intermediate_region": "Caribbean",
		"region_code": 19,
		"sub_region_code": 419,
		"intermediate_region_code": 29
	},
	{
		"country_id": 95,
		"country_name": "Morocco",
		"alpha2": "MA",
		"alpha3": "MAR",
		"country_code": 504,
		"region": "Africa",
		"sub_region": "Northern Africa",
		"region_code": 2,
		"sub_region_code": 15
	},
	{
		"country_id": 96,
		"country_name": "Mozambique",
		"alpha2": "MZ",
		"alpha3": "MOZ",
		"country_code": 508,
		"region": "Africa",
		"sub_region": "Sub-Saharan Africa",
		"intermediate_region": "Eastern Africa",
		"region_code": 2,
		"sub_region_code": 202,
		"intermediate_region_code": 14
	},
	{
		"country_id": 97,
		"country_name": "Myanmar",
		"alpha2": "MM",
		"alpha3": "MMR",
		"country_code": 104,
		"region": "Asia",
		"sub_region": "South-eastern Asia",
		"region_code": 142,
		"sub_region_code": 35
	},
	{
		"country_id": 98,
		"country_name": "Namibia",
		"alpha2": "NA",
		"alpha3": "NAM",
		"country_code": 516,
		"region": "Africa",
		"sub_region": "Sub-Saharan Africa",
		"intermediate_region": "Southern Africa",
		"region_code": 2,
		"sub_region_code": 202,
		"intermediate_region_code": 18
	},
	{
		"country_id": 99,
		"country_name": "Nauru",
		"alpha2": "NR",
		"alpha3": "NRU",
		"country_code": 520,
		"region": "Oceania",
		"sub_region": "Micronesia",
		"region_code": 9,
		"sub_region_code": 57
	},
	{
		"country_id": 100,
		"country_name": "Nepal",
		"alpha2": "NP",
		"alpha3": "NPL",
		"country_code": 524,
		"region": "Asia",
		"sub_region": "Southern Asia",
		"region_code": 142,
		"sub_region_code": 34
	},
	{
		"country_id": 101,
		"country_name": "Netherlands",
		"alpha2": "NL",
		"alpha3": "NLD",
		"country_code": 528,
		"region": "Europe",
		"sub_region": "Western Europe",
		"region_code": 150,
		"sub_region_code": 155
	},
	{
		"country_id": 102,
		"country_name": "New Caledonia",
		"alpha2": "NC",
		"alpha3": "NCL",
		"country_code": 540,
		"region": "Oceania",
		"sub_region": "Melanesia",
		"region_code": 9,
		"sub_region_code": 54
	},
	{
		"country_id": 103,
		"country_name": "New Zealand",
		"alpha2": "NZ",
		"alpha3": "NZL",
		"country_code": 554,
		"region": "Oceania",
		"sub_region": "Australia and New Zealand",
		"region_code": 9,
		"sub_region_code": 53
	},
	{
		"country_id": 104,
		"country_name": "Nicaragua",
		"alpha2": "NI",
		"alpha3": "NIC",
		"country_code": 558,
		"region": "Americas",
		"sub_region": "Latin America and the Caribbean",
		"intermediate_region": "Central America",
		"region_code": 19,
		"sub_region_code": 419,
		"intermediate_region_code": 13
	},
	{
		"country_id": 105,
		"country_name": "Niger",
		"alpha2": "NE",
		"alpha3": "NER",
		"country_code": 562,
		"region": "Africa",
		"sub_region": "Sub-Saharan Africa",
		"intermediate_region": "Western Africa",
		"region_code": 2,
		"sub_region_code": 202,
		"intermediate_region_code": 11
	},
	{
		"country_id": 106,
		"country_name": "Nigeria",
		"alpha2": "NG",
		"alpha3": "NGA",
		"country_code": 566,
		"region": "Africa",
		"sub_region": "Sub-Saharan Africa",
		"intermediate_region": "Western Africa",
		"region_code": 2,
		"sub_region_code": 202,
		"intermediate_region_code": 11
	},
	{
		"country_id": 107,
		"country_name": "Niue",
		"alpha2": "NU",
		"alpha3": "NIU",
		"country_code": 570,
		"region": "Oceania",
		"sub_region": "Polynesia",
		"region_code": 9,
		"sub_region_code": 61
	},
	{
		"country_id": 108,
		"country_name": "Norfolk Island",
		"alpha2": "NF",
		"alpha3": "NFK",
		"country_code": 574,
		"region": "Oceania",
		"sub_region": "Australia and New Zealand",
		"region_code": 9,
		"sub_region_code": 53
	},
	{
		"country_id": 109,
		"country_name": "North Macedonia",
		"alpha2": "MK",
		"alpha3": "MKD",
		"country_code": 807,
		"region": "Europe",
		"sub_region": "Southern Europe",
		"region_code": 150,
		"sub_region_code": 39
	},
	{
		"country_id": 110,
		"country_name": "Northern Mariana Islands",
		"alpha2": "MP",
		"alpha3": "MNP",
		"country_code": 580,
		"region": "Oceania",
		"sub_region": "Micronesia",
		"region_code": 9,
		"sub_region_code": 57
	},
	{
		"country_id": 111,
		"country_name": "Norway",
		"alpha2": "NO",
		"alpha3": "NOR",
		"country_code": 578,
		"region": "Europe",
		"sub_region": "Northern Europe",
		"region_code": 150,
		"sub_region_code": 154
	},
	{
		"country_id": 112,
		"country_name": "Oman",
		"alpha2": "OM",
		"alpha3": "OMN",
		"country_code": 512,
		"region": "Asia",
		"sub_region": "Western Asia",
		"region_code": 142,
		"sub_region_code": 145
	},
	{
		"country_id": 113,
		"country_name": "Pakistan",
		"alpha2": "PK",
		"alpha3": "PAK",
		"country_code": 586,
		"region": "Asia",
		"sub_region": "Southern Asia",
		"region_code": 142,
		"sub_region_code": 34
	},
	{
		"country_id": 114,
		"country_name": "Palau",
		"alpha2": "PW",
		"alpha3": "PLW",
		"country_code": 585,
		"region": "Oceania",
		"sub_region": "Micronesia",
		"region_code": 9,
		"sub_region_code": 57
	},
	{
		"country_id": 115,
		"country_name": "Palestine, State of",
		"alpha2": "PS",
		"alpha3": "PSE",
		"country_code": 275,
		"region": "Asia",
		"sub_region": "Western Asia",
		"region_code": 142,
		"sub_region_code": 145
	},
	{
		"country_id": 116,
		"country_name": "Panama",
		"alpha2": "PA",
		"alpha3": "PAN",
		"country_code": 591,
		"region": "Americas",
		"sub_region": "Latin America and the Caribbean",
		"intermediate_region": "Central America",
		"region_code": 19,
		"sub_region_code": 419,
		"intermediate_region_code": 13
	},
	{
		"country_id": 117,
		"country_name": "Papua New Guinea",
		"alpha2": "PG",
		"alpha3": "PNG",
		"country_code": 598,
		"region": "Oceania",
		"sub_region": "Melanesia",
		"region_code": 9,
		"sub_region_code": 54
	},
	{
		"country_id": 118,
		"country_name": "Paraguay",
		"alpha2": "PY",
		"alpha3": "PRY",
		"country_code": 600,
		"region": "Americas",
		"sub_region": "Latin America and the Caribbean",
		"intermediate_region": "South America",
		"region_code": 19,
		"sub_region_code": 419,
		"intermediate_region_code": 5
	},
	{
		"country_id": 119,
		"country_name": "Peru",
		"alpha2": "PE",
		"alpha3": "PER",
		"country_code": 604,
		"region": "Americas",
		"sub_region": "Latin America and the Caribbean",
		"intermediate_region": "South America",
		"region_code": 19,
		"sub_region_code": 419,
		"intermediate_region_code": 5
	},
	{
		"country_id": 120,
		"country_name": "Philippines",
		"alpha2": "PH",
		"alpha3": "PHL",
		"country_code": 608,
		"region": "Asia",
		"sub_region": "South-eastern Asia",
		"region_code": 142,
		"sub_region_code": 35
	},
	{
		"country_id": 121,
		"country_name": "Pitcairn",
		"alpha2": "PN",
		"alpha3": "PCN",
		"country_code": 612,
		"region": "Oceania",
		"sub_region": "Polynesia",
		"region_code": 9,
		"sub_region_code": 61
	},
	{
		"country_id": 122,
		"country_name": "Poland",
		"alpha2": "PL",
		"alpha3": "POL",
		"country_code": 616,
		"region": "Europe",
		"sub_region": "Eastern Europe",
		"region_code": 150,
		"sub_region_code": 151
	},
	{
		"country_id": 123,
		"country_name": "Portugal",
		"alpha2": "PT",
		"alpha3": "PRT",
		"country_code": 620,
		"region": "Europe",
		"sub_region": "Southern Europe",
		"region_code": 150,
		"sub_region_code": 39
	},
	{
		"country_id": 124,
		"country_name": "Puerto Rico",
		"alpha2": "PR",
		"alpha3": "PRI",
		"country_code": 630,
		"region": "Americas",
		"sub_region": "Latin America and the Caribbean",
		"intermediate_region": "Caribbean",
		"region_code": 19,
		"sub_region_code": 419,
		"intermediate_region_code": 29
	},
	{
		"country_id": 125,
		"country_name": "Qatar",
		"alpha2": "QA",
		"alpha3": "QAT",
		"country_code": 634,
		"region": "Asia",
		"sub_region": "Western Asia",
		"region_code": 142,
		"sub_region_code": 145
	},
	{
		"country_id": 126,
		"country_name": "Réunion",
		"alpha2": "RE",
		"alpha3": "REU",
		"country_code": 638,
		"region": "Africa",
		"sub_region": "Sub-Saharan Africa",
		"intermediate_region": "Eastern Africa",
		"region_code": 2,
		"sub_region_code": 202,
		"intermediate_region_code": 14
	},
	{
		"country_id": 127,
		"country_name": "Romania",
		"alpha2": "RO",
		"alpha3": "ROU",
		"country_code": 642,
		"region": "Europe",
		"sub_region": "Eastern Europe",
		"region_code": 150,
		"sub_region_code": 151
	},
	{
		"country_id": 128,
		"country_name": "Russian Federation",
		"alpha2": "RU",
		"alpha3": "RUS",
		"country_code": 643,
		"region": "Europe",
		"sub_region": "Eastern Europe",
		"region_code": 150,
		"sub_region_code": 151
	},
	{
		"country_id": 129,
		"country_name": "Rwanda",
		"alpha2": "RW",
		"alpha3": "RWA",
		"country_code": 646,
		"region": "Africa",
		"sub_region": "Sub-Saharan Africa",
		"intermediate_region": "Eastern Africa",
		"region_code": 2,
		"sub_region_code": 202,
		"intermediate_region_code": 14
	},
	{
		"country_id": 130,
		"country_name": "Saint Barthélemy",
		"alpha2": "BL",
		"alpha3": "BLM",
		"country_code": 652,
		"region": "Americas",
		"sub_region": "Latin America and the Caribbean",
		"intermediate_region": "Caribbean",
		"region_code": 19,
		"sub_region_code": 419,
		"intermediate_region_code": 29
	},
	{
		"country_id": 131,
		"country_name": "Saint Helena, Ascension and Tristan da Cunha",
		"alpha2": "SH",
		"alpha3": "SHN",
		"country_code": 654,
		"region": "Africa",
		"sub_region": "Sub-Saharan Africa",
		"intermediate_region": "Western Africa",
		"region_code": 2,
		"sub_region_code": 202,
		"intermediate_region_code": 11
	},
	{
		"country_id": 132,
		"country_name": "Saint Kitts and Nevis",
		"alpha2": "KN",
		"alpha3": "KNA",
		"country_code": 659,
		"region": "Americas",
		"sub_region": "Latin America and the Caribbean",
		"intermediate_region": "Caribbean",
		"region_code": 19,
		"sub_region_code": 419,
		"intermediate_region_code": 29
	},
	{
		"country_id": 133,
		"country_name": "Saint Lucia",
		"alpha2": "LC",
		"alpha3": "LCA",
		"country_code": 662,
		"region": "Americas",
		"sub_region": "Latin America and the Caribbean",
		"intermediate_region": "Caribbean",
		"region_code": 19,
		"sub_region_code": 419,
		"intermediate_region_code": 29
	},
	{
		"country_id": 134,
		"country_name": "Saint Martin (French part)",
		"alpha2": "MF",
		"alpha3": "MAF",
		"country_code": 663,
		"region": "Americas",
		"sub_region": "Latin America and the Caribbean",
		"intermediate_region": "Caribbean",
		"region_code": 19,
		"sub_region_code": 419,
		"intermediate_region_code": 29
	},
	{
		"country_id": 135,
		"country_name": "Saint Pierre and Miquelon",
		"alpha2": "PM",
		"alpha3": "SPM",
		"country_code": 666,
		"region": "Americas",
		"sub_region": "Northern America",
		"region_code": 19,
		"sub_region_code": 21
	},
	{
		"country_id": 136,
		"country_name": "Saint Vincent and the Grenadines",
		"alpha2": "VC",
		"alpha3": "VCT",
		"country_code": 670,
		"region": "Americas",
		"sub_region": "Latin America and the Caribbean",
		"intermediate_region": "Caribbean",
		"region_code": 19,
		"sub_region_code": 419,
		"intermediate_region_code": 29
	},
	{
		"country_id": 137,
		"country_name": "Samoa",
		"alpha2": "WS",
		"alpha3": "WSM",
		"country_code": 882,
		"region": "Oceania",
		"sub_region": "Polynesia",
		"region_code": 9,
		"sub_region_code": 61
	},
	{
		"country_id": 138,
		"country_name": "San Marino",
		"alpha2": "SM",
		"alpha3": "SMR",
		"country_code": 674,
		"region": "Europe",
		"sub_region": "Southern Europe",
		"region_code": 150,
		"sub_region_code": 39
	},
	{
		"country_id": 139,
		"country_name": "Sao Tome and Principe",
		"alpha2": "ST",
		"alpha3": "STP",
		"country_code": 678,
		"region": "Africa",
		"sub_region": "Sub-Saharan Africa",
		"intermediate_region": "Middle Africa",
		"region_code": 2,
		"sub_region_code": 202,
		"intermediate_region_code": 17
	},
	{
		"country_id": 140,
		"country_name": "Saudi Arabia",
		"alpha2": "SA",
		"alpha3": "SAU",
		"country_code": 682,
		"region": "Asia",
		"sub_region": "Western Asia",
		"region_code": 142,
		"sub_region_code": 145
	},
	{
		"country_id": 141,
		"country_name": "Senegal",
		"alpha2": "SN",
		"alpha3": "SEN",
		"country_code": 686,
		"region": "Africa",
		"sub_region": "Sub-Saharan Africa",
		"intermediate_region": "Western Africa",
		"region_code": 2,
		"sub_region_code": 202,
		"intermediate_region_code": 11
	},
	{
		"country_id": 142,
		"country_name": "Serbia",
		"alpha2": "RS",
		"alpha3": "SRB",
		"country_code": 688,
		"region": "Europe",
		"sub_region": "Southern Europe",
		"region_code": 150,
		"sub_region_code": 39
	},
	{
		"country_id": 143,
		"country_name": "Seychelles",
		"alpha2": "SC",
		"alpha3": "SYC",
		"country_code": 690,
		"region": "Africa",
		"sub_region": "Sub-Saharan Africa",
		"intermediate_region": "Eastern Africa",
		"region_code": 2,
		"sub_region_code": 202,
		"intermediate_region_code": 14
	},
	{
		"country_id": 144,
		"country_name": "Sierra Leone",
		"alpha2": "SL",
		"alpha3": "SLE",
		"country_code": 694,
		"region": "Africa",
		"sub_region": "Sub-Saharan Africa",
		"intermediate_region": "Western Africa",
		"region_code": 2,
		"sub_region_code": 202,
		"intermediate_region_code": 11
	},
	{
		"country_id": 145,
		"country_name": "Singapore",
		"alpha2": "SG",
		"alpha3": "SGP",
		"country_code": 702,
		"region": "Asia",
		"sub_region": "South-eastern Asia",
		"region_code": 142,
		"sub_region_code": 35
	},
	{
		"country_id": 146,
		"country_name": "Sint Maarten (Dutch part)",
		"alpha2": "SX",
		"alpha3": "SXM",
		"country_code": 534,
		"region": "Americas",
		"sub_region": "Latin America and the Caribbean",
		"intermediate_region": "Caribbean",
		"region_code": 19,
		"sub_region_code": 419,
		"intermediate_region_code": 29
	},
	{
		"country_id": 147,
		"country_name": "Slovakia",
		"alpha2": "SK",
		"alpha3": "SVK",
		"country_code": 703,
		"region": "Europe",
		"sub_region": "Eastern Europe",
		"region_code": 150,
		"sub_region_code": 151
	},
	{
		"country_id": 148,
		"country_name": "Slovenia",
		"alpha2": "SI",
		"alpha3": "SVN",
		"country_code": 705,
		"region": "Europe",
		"sub_region": "Southern Europe",
		"region_code": 150,
		"sub_region_code": 39
	},
	{
		"country_id": 149,
		"country_name": "Solomon Islands",
		"alpha2": "SB",
		"alpha3": "SLB",
		"country_code": 90,
		"region": "Oceania",
		"sub_region": "Melanesia",
		"region_code": 9,
		"sub_region_code": 54
	},
	{
		"country_id": 150,
		"country_name": "Somalia",
		"alpha2": "SO",
		"alpha3": "SOM",
		"country_code": 706,
		"region": "Africa",
		"sub_region": "Sub-Saharan Africa",
		"intermediate_region": "Eastern Africa",
		"region_code": 2,
		"sub_region_code": 202,
		"intermediate_region_code": 14
	},
	{
		"country_id": 151,
		"country_name": "Czechia",
		"alpha2": "CZ",
		"alpha3": "CZE",
		"country_code": 203,
		"region": "Europe",
		"sub_region": "Eastern Europe",
		"region_code": 150,
		"sub_region_code": 151
	},
	{
		"country_id": 152,
		"country_name": "Denmark",
		"alpha2": "DK",
		"alpha3": "DNK",
		"country_code": 208,
		"region": "Europe",
		"sub_region": "Northern Europe",
		"region_code": 150,
		"sub_region_code": 154
	},
	{
		"country_id": 153,
		"country_name": "Djibouti",
		"alpha2": "DJ",
		"alpha3": "DJI",
		"country_code": 262,
		"region": "Africa",
		"sub_region": "Sub-Saharan Africa",
		"intermediate_region": "Eastern Africa",
		"region_code": 2,
		"sub_region_code": 202,
		"intermediate_region_code": 14
	},
	{
		"country_id": 154,
		"country_name": "Dominica",
		"alpha2": "DM",
		"alpha3": "DMA",
		"country_code": 212,
		"region": "Americas",
		"sub_region": "Latin America and the Caribbean",
		"intermediate_region": "Caribbean",
		"region_code": 19,
		"sub_region_code": 419,
		"intermediate_region_code": 29
	},
	{
		"country_id": 155,
		"country_name": "Dominican Republic",
		"alpha2": "DO",
		"alpha3": "DOM",
		"country_code": 214,
		"region": "Americas",
		"sub_region": "Latin America and the Caribbean",
		"intermediate_region": "Caribbean",
		"region_code": 19,
		"sub_region_code": 419,
		"intermediate_region_code": 29
	},
	{
		"country_id": 156,
		"country_name": "Ecuador",
		"alpha2": "EC",
		"alpha3": "ECU",
		"country_code": 218,
		"region": "Americas",
		"sub_region": "Latin America and the Caribbean",
		"intermediate_region": "South America",
		"region_code": 19,
		"sub_region_code": 419,
		"intermediate_region_code": 5
	},
	{
		"country_id": 157,
		"country_name": "Egypt",
		"alpha2": "EG",
		"alpha3": "EGY",
		"country_code": 818,
		"region": "Africa",
		"sub_region": "Northern Africa",
		"region_code": 2,
		"sub_region_code": 15
	},
	{
		"country_id": 158,
		"country_name": "El Salvador",
		"alpha2": "SV",
		"alpha3": "SLV",
		"country_code": 222,
		"region": "Americas",
		"sub_region": "Latin America and the Caribbean",
		"intermediate_region": "Central America",
		"region_code": 19,
		"sub_region_code": 419,
		"intermediate_region_code": 13
	},
	{
		"country_id": 159,
		"country_name": "Equatorial Guinea",
		"alpha2": "GQ",
		"alpha3": "GNQ",
		"country_code": 226,
		"region": "Africa",
		"sub_region": "Sub-Saharan Africa",
		"intermediate_region": "Middle Africa",
		"region_code": 2,
		"sub_region_code": 202,
		"intermediate_region_code": 17
	},
	{
		"country_id": 160,
		"country_name": "Eritrea",
		"alpha2": "ER",
		"alpha3": "ERI",
		"country_code": 232,
		"region": "Africa",
		"sub_region": "Sub-Saharan Africa",
		"intermediate_region": "Eastern Africa",
		"region_code": 2,
		"sub_region_code": 202,
		"intermediate_region_code": 14
	},
	{
		"country_id": 161,
		"country_name": "Estonia",
		"alpha2": "EE",
		"alpha3": "EST",
		"country_code": 233,
		"region": "Europe",
		"sub_region": "Northern Europe",
		"region_code": 150,
		"sub_region_code": 154
	},
	{
		"country_id": 162,
		"country_name": "Eswatini",
		"alpha2": "SZ",
		"alpha3": "SWZ",
		"country_code": 748,
		"region": "Africa",
		"sub_region": "Sub-Saharan Africa",
		"intermediate_region": "Southern Africa",
		"region_code": 2,
		"sub_region_code": 202,
		"intermediate_region_code": 18
	},
	{
		"country_id": 163,
		"country_name": "Ethiopia",
		"alpha2": "ET",
		"alpha3": "ETH",
		"country_code": 231,
		"region": "Africa",
		"sub_region": "Sub-Saharan Africa",
		"intermediate_region": "Eastern Africa",
		"region_code": 2,
		"sub_region_code": 202,
		"intermediate_region_code": 14
	},
	{
		"country_id": 164,
		"country_name": "Falkland Islands (Malvinas)",
		"alpha2": "FK",
		"alpha3": "FLK",
		"country_code": 238,
		"region": "Americas",
		"sub_region": "Latin America and the Caribbean",
		"intermediate_region": "South America",
		"region_code": 19,
		"sub_region_code": 419,
		"intermediate_region_code": 5
	},
	{
		"country_id": 165,
		"country_name": "Faroe Islands",
		"alpha2": "FO",
		"alpha3": "FRO",
		"country_code": 234,
		"region": "Europe",
		"sub_region": "Northern Europe",
		"region_code": 150,
		"sub_region_code": 154
	},
	{
		"country_id": 166,
		"country_name": "Fiji",
		"alpha2": "FJ",
		"alpha3": "FJI",
		"country_code": 242,
		"region": "Oceania",
		"sub_region": "Melanesia",
		"region_code": 9,
		"sub_region_code": 54
	},
	{
		"country_id": 167,
		"country_name": "Finland",
		"alpha2": "FI",
		"alpha3": "FIN",
		"country_code": 246,
		"region": "Europe",
		"sub_region": "Northern Europe",
		"region_code": 150,
		"sub_region_code": 154
	},
	{
		"country_id": 168,
		"country_name": "France",
		"alpha2": "FR",
		"alpha3": "FRA",
		"country_code": 250,
		"region": "Europe",
		"sub_region": "Western Europe",
		"region_code": 150,
		"sub_region_code": 155
	},
	{
		"country_id": 169,
		"country_name": "French Guiana",
		"alpha2": "GF",
		"alpha3": "GUF",
		"country_code": 254,
		"region": "Americas",
		"sub_region": "Latin America and the Caribbean",
		"intermediate_region": "South America",
		"region_code": 19,
		"sub_region_code": 419,
		"intermediate_region_code": 5
	},
	{
		"country_id": 170,
		"country_name": "French Polynesia",
		"alpha2": "PF",
		"alpha3": "PYF",
		"country_code": 258,
		"region": "Oceania",
		"sub_region": "Polynesia",
		"region_code": 9,
		"sub_region_code": 61
	},
	{
		"country_id": 171,
		"country_name": "French Southern Territories",
		"alpha2": "TF",
		"alpha3": "ATF",
		"country_code": 260,
		"region": "Africa",
		"sub_region": "Sub-Saharan Africa",
		"intermediate_region": "Eastern Africa",
		"region_code": 2,
		"sub_region_code": 202,
		"intermediate_region_code": 14
	},
	{
		"country_id": 172,
		"country_name": "Gabon",
		"alpha2": "GA",
		"alpha3": "GAB",
		"country_code": 266,
		"region": "Africa",
		"sub_region": "Sub-Saharan Africa",
		"intermediate_region": "Middle Africa",
		"region_code": 2,
		"sub_region_code": 202,
		"intermediate_region_code": 17
	},
	{
		"country_id": 173,
		"country_name": "Gambia",
		"alpha2": "GM",
		"alpha3": "GMB",
		"country_code": 270,
		"region": "Africa",
		"sub_region": "Sub-Saharan Africa",
		"intermediate_region": "Western Africa",
		"region_code": 2,
		"sub_region_code": 202,
		"intermediate_region_code": 11
	},
	{
		"country_id": 174,
		"country_name": "Georgia",
		"alpha2": "GE",
		"alpha3": "GEO",
		"country_code": 268,
		"region": "Asia",
		"sub_region": "Western Asia",
		"region_code": 142,
		"sub_region_code": 145
	},
	{
		"country_id": 175,
		"country_name": "Germany",
		"alpha2": "DE",
		"alpha3": "DEU",
		"country_code": 276,
		"region": "Europe",
		"sub_region": "Western Europe",
		"region_code": 150,
		"sub_region_code": 155
	},
	{
		"country_id": 176,
		"country_name": "Ghana",
		"alpha2": "GH",
		"alpha3": "GHA",
		"country_code": 288,
		"region": "Africa",
		"sub_region": "Sub-Saharan Africa",
		"intermediate_region": "Western Africa",
		"region_code": 2,
		"sub_region_code": 202,
		"intermediate_region_code": 11
	},
	{
		"country_id": 177,
		"country_name": "Gibraltar",
		"alpha2": "GI",
		"alpha3": "GIB",
		"country_code": 292,
		"region": "Europe",
		"sub_region": "Southern Europe",
		"region_code": 150,
		"sub_region_code": 39
	},
	{
		"country_id": 178,
		"country_name": "Greece",
		"alpha2": "GR",
		"alpha3": "GRC",
		"country_code": 300,
		"region": "Europe",
		"sub_region": "Southern Europe",
		"region_code": 150,
		"sub_region_code": 39
	},
	{
		"country_id": 179,
		"country_name": "Greenland",
		"alpha2": "GL",
		"alpha3": "GRL",
		"country_code": 304,
		"region": "Americas",
		"sub_region": "Northern America",
		"region_code": 19,
		"sub_region_code": 21
	},
	{
		"country_id": 180,
		"country_name": "Grenada",
		"alpha2": "GD",
		"alpha3": "GRD",
		"country_code": 308,
		"region": "Americas",
		"sub_region": "Latin America and the Caribbean",
		"intermediate_region": "Caribbean",
		"region_code": 19,
		"sub_region_code": 419,
		"intermediate_region_code": 29
	},
	{
		"country_id": 181,
		"country_name": "Guadeloupe",
		"alpha2": "GP",
		"alpha3": "GLP",
		"country_code": 312,
		"region": "Americas",
		"sub_region": "Latin America and the Caribbean",
		"intermediate_region": "Caribbean",
		"region_code": 19,
		"sub_region_code": 419,
		"intermediate_region_code": 29
	},
	{
		"country_id": 182,
		"country_name": "Guam",
		"alpha2": "GU",
		"alpha3": "GUM",
		"country_code": 316,
		"region": "Oceania",
		"sub_region": "Micronesia",
		"region_code": 9,
		"sub_region_code": 57
	},
	{
		"country_id": 183,
		"country_name": "Guatemala",
		"alpha2": "GT",
		"alpha3": "GTM",
		"country_code": 320,
		"region": "Americas",
		"sub_region": "Latin America and the Caribbean",
		"intermediate_region": "Central America",
		"region_code": 19,
		"sub_region_code": 419,
		"intermediate_region_code": 13
	},
	{
		"country_id": 184,
		"country_name": "Guernsey",
		"alpha2": "GG",
		"alpha3": "GGY",
		"country_code": 831,
		"region": "Europe",
		"sub_region": "Northern Europe",
		"intermediate_region": "Channel Islands",
		"region_code": 150,
		"sub_region_code": 154,
		"intermediate_region_code": 830
	},
	{
		"country_id": 185,
		"country_name": "Guinea",
		"alpha2": "GN",
		"alpha3": "GIN",
		"country_code": 324,
		"region": "Africa",
		"sub_region": "Sub-Saharan Africa",
		"intermediate_region": "Western Africa",
		"region_code": 2,
		"sub_region_code": 202,
		"intermediate_region_code": 11
	},
	{
		"country_id": 186,
		"country_name": "Guinea-Bissau",
		"alpha2": "GW",
		"alpha3": "GNB",
		"country_code": 624,
		"region": "Africa",
		"sub_region": "Sub-Saharan Africa",
		"intermediate_region": "Western Africa",
		"region_code": 2,
		"sub_region_code": 202,
		"intermediate_region_code": 11
	},
	{
		"country_id": 187,
		"country_name": "Guyana",
		"alpha2": "GY",
		"alpha3": "GUY",
		"country_code": 328,
		"region": "Americas",
		"sub_region": "Latin America and the Caribbean",
		"intermediate_region": "South America",
		"region_code": 19,
		"sub_region_code": 419,
		"intermediate_region_code": 5
	},
	{
		"country_id": 188,
		"country_name": "Haiti",
		"alpha2": "HT",
		"alpha3": "HTI",
		"country_code": 332,
		"region": "Americas",
		"sub_region": "Latin America and the Caribbean",
		"intermediate_region": "Caribbean",
		"region_code": 19,
		"sub_region_code": 419,
		"intermediate_region_code": 29
	},
	{
		"country_id": 189,
		"country_name": "Heard Island and McDonald Islands",
		"alpha2": "HM",
		"alpha3": "HMD",
		"country_code": 334,
		"region": "Oceania",
		"sub_region": "Australia and New Zealand",
		"region_code": 9,
		"sub_region_code": 53
	},
	{
		"country_id": 190,
		"country_name": "Holy See",
		"alpha2": "VA",
		"alpha3": "VAT",
		"country_code": 336,
		"region": "Europe",
		"sub_region": "Southern Europe",
		"region_code": 150,
		"sub_region_code": 39
	},
	{
		"country_id": 191,
		"country_name": "Afghanistan",
		"alpha2": "AF",
		"alpha3": "AFG",
		"country_code": 4,
		"region": "Asia",
		"sub_region": "Southern Asia",
		"region_code": 142,
		"sub_region_code": 34
	},
	{
		"country_id": 192,
		"country_name": "Islands",
		"alpha2": "AX",
		"alpha3": "ALA",
		"country_code": 248,
		"region": "Europe",
		"sub_region": "Northern Europe",
		"region_code": 150,
		"sub_region_code": 154
	},
	{
		"country_id": 193,
		"country_name": "Albania",
		"alpha2": "AL",
		"alpha3": "ALB",
		"country_code": 8,
		"region": "Europe",
		"sub_region": "Southern Europe",
		"region_code": 150,
		"sub_region_code": 39
	},
	{
		"country_id": 194,
		"country_name": "Algeria",
		"alpha2": "DZ",
		"alpha3": "DZA",
		"country_code": 12,
		"region": "Africa",
		"sub_region": "Northern Africa",
		"region_code": 2,
		"sub_region_code": 15
	},
	{
		"country_id": 195,
		"country_name": "American Samoa",
		"alpha2": "AS",
		"alpha3": "ASM",
		"country_code": 16,
		"region": "Oceania",
		"sub_region": "Polynesia",
		"region_code": 9,
		"sub_region_code": 61
	},
	{
		"country_id": 196,
		"country_name": "Andorra",
		"alpha2": "AD",
		"alpha3": "AND",
		"country_code": 20,
		"region": "Europe",
		"sub_region": "Southern Europe",
		"region_code": 150,
		"sub_region_code": 39
	},
	{
		"country_id": 197,
		"country_name": "Angola",
		"alpha2": "AO",
		"alpha3": "AGO",
		"country_code": 24,
		"region": "Africa",
		"sub_region": "Sub-Saharan Africa",
		"intermediate_region": "Middle Africa",
		"region_code": 2,
		"sub_region_code": 202,
		"intermediate_region_code": 17
	},
	{
		"country_id": 198,
		"country_name": "Anguilla",
		"alpha2": "AI",
		"alpha3": "AIA",
		"country_code": 660,
		"region": "Americas",
		"sub_region": "Latin America and the Caribbean",
		"intermediate_region": "Caribbean",
		"region_code": 19,
		"sub_region_code": 419,
		"intermediate_region_code": 29
	},
	{
		"country_id": 199,
		"country_name": "Antarctica",
		"alpha2": "AQ",
		"alpha3": "ATA",
		"country_code": 10
	},
	{
		"country_id": 200,
		"country_name": "Antigua and Barbuda",
		"alpha2": "AG",
		"alpha3": "ATG",
		"country_code": 28,
		"region": "Americas",
		"sub_region": "Latin America and the Caribbean",
		"intermediate_region": "Caribbean",
		"region_code": 19,
		"sub_region_code": 419,
		"intermediate_region_code": 29
	},
	{
		"country_id": 201,
		"country_name": "Argentina",
		"alpha2": "AR",
		"alpha3": "ARG",
		"country_code": 32,
		"region": "Americas",
		"sub_region": "Latin America and the Caribbean",
		"intermediate_region": "South America",
		"region_code": 19,
		"sub_region_code": 419,
		"intermediate_region_code": 5
	},
	{
		"country_id": 202,
		"country_name": "Armenia",
		"alpha2": "AM",
		"alpha3": "ARM",
		"country_code": 51,
		"region": "Asia",
		"sub_region": "Western Asia",
		"region_code": 142,
		"sub_region_code": 145
	},
	{
		"country_id": 203,
		"country_name": "Aruba",
		"alpha2": "AW",
		"alpha3": "ABW",
		"country_code": 533,
		"region": "Americas",
		"sub_region": "Latin America and the Caribbean",
		"intermediate_region": "Caribbean",
		"region_code": 19,
		"sub_region_code": 419,
		"intermediate_region_code": 29
	},
	{
		"country_id": 204,
		"country_name": "Australia",
		"alpha2": "AU",
		"alpha3": "AUS",
		"country_code": 36,
		"region": "Oceania",
		"sub_region": "Australia and New Zealand",
		"region_code": 9,
		"sub_region_code": 53
	},
	{
		"country_id": 205,
		"country_name": "Austria",
		"alpha2": "AT",
		"alpha3": "AUT",
		"country_code": 40,
		"region": "Europe",
		"sub_region": "Western Europe",
		"region_code": 150,
		"sub_region_code": 155
	},
	{
		"country_id": 206,
		"country_name": "Azerbaijan",
		"alpha2": "AZ",
		"alpha3": "AZE",
		"country_code": 31,
		"region": "Asia",
		"sub_region": "Western Asia",
		"region_code": 142,
		"sub_region_code": 145
	},
	{
		"country_id": 207,
		"country_name": "Bahamas",
		"alpha2": "BS",
		"alpha3": "BHS",
		"country_code": 44,
		"region": "Americas",
		"sub_region": "Latin America and the Caribbean",
		"intermediate_region": "Caribbean",
		"region_code": 19,
		"sub_region_code": 419,
		"intermediate_region_code": 29
	},
	{
		"country_id": 208,
		"country_name": "Bahrain",
		"alpha2": "BH",
		"alpha3": "BHR",
		"country_code": 48,
		"region": "Asia",
		"sub_region": "Western Asia",
		"region_code": 142,
		"sub_region_code": 145
	},
	{
		"country_id": 209,
		"country_name": "Bangladesh",
		"alpha2": "BD",
		"alpha3": "BGD",
		"country_code": 50,
		"region": "Asia",
		"sub_region": "Southern Asia",
		"region_code": 142,
		"sub_region_code": 34
	},
	{
		"country_id": 210,
		"country_name": "Barbados",
		"alpha2": "BB",
		"alpha3": "BRB",
		"country_code": 52,
		"region": "Americas",
		"sub_region": "Latin America and the Caribbean",
		"intermediate_region": "Caribbean",
		"region_code": 19,
		"sub_region_code": 419,
		"intermediate_region_code": 29
	},
	{
		"country_id": 211,
		"country_name": "Belarus",
		"alpha2": "BY",
		"alpha3": "BLR",
		"country_code": 112,
		"region": "Europe",
		"sub_region": "Eastern Europe",
		"region_code": 150,
		"sub_region_code": 151
	},
	{
		"country_id": 212,
		"country_name": "Belgium",
		"alpha2": "BE",
		"alpha3": "BEL",
		"country_code": 56,
		"region": "Europe",
		"sub_region": "Western Europe",
		"region_code": 150,
		"sub_region_code": 155
	},
	{
		"country_id": 213,
		"country_name": "Belize",
		"alpha2": "BZ",
		"alpha3": "BLZ",
		"country_code": 84,
		"region": "Americas",
		"sub_region": "Latin America and the Caribbean",
		"intermediate_region": "Central America",
		"region_code": 19,
		"sub_region_code": 419,
		"intermediate_region_code": 13
	},
	{
		"country_id": 214,
		"country_name": "Benin",
		"alpha2": "BJ",
		"alpha3": "BEN",
		"country_code": 204,
		"region": "Africa",
		"sub_region": "Sub-Saharan Africa",
		"intermediate_region": "Western Africa",
		"region_code": 2,
		"sub_region_code": 202,
		"intermediate_region_code": 11
	},
	{
		"country_id": 215,
		"country_name": "Bermuda",
		"alpha2": "BM",
		"alpha3": "BMU",
		"country_code": 60,
		"region": "Americas",
		"sub_region": "Northern America",
		"region_code": 19,
		"sub_region_code": 21
	},
	{
		"country_id": 216,
		"country_name": "Bhutan",
		"alpha2": "BT",
		"alpha3": "BTN",
		"country_code": 64,
		"region": "Asia",
		"sub_region": "Southern Asia",
		"region_code": 142,
		"sub_region_code": 34
	},
	{
		"country_id": 217,
		"country_name": "Bolivia (Plurinational State of)",
		"alpha2": "BO",
		"alpha3": "BOL",
		"country_code": 68,
		"region": "Americas",
		"sub_region": "Latin America and the Caribbean",
		"intermediate_region": "South America",
		"region_code": 19,
		"sub_region_code": 419,
		"intermediate_region_code": 5
	},
	{
		"country_id": 218,
		"country_name": "Bonaire, Sint Eustatius and Saba",
		"alpha2": "BQ",
		"alpha3": "BES",
		"country_code": 535,
		"region": "Americas",
		"sub_region": "Latin America and the Caribbean",
		"intermediate_region": "Caribbean",
		"region_code": 19,
		"sub_region_code": 419,
		"intermediate_region_code": 29
	},
	{
		"country_id": 219,
		"country_name": "Bosnia and Herzegovina",
		"alpha2": "BA",
		"alpha3": "BIH",
		"country_code": 70,
		"region": "Europe",
		"sub_region": "Southern Europe",
		"region_code": 150,
		"sub_region_code": 39
	},
	{
		"country_id": 220,
		"country_name": "Botswana",
		"alpha2": "BW",
		"alpha3": "BWA",
		"country_code": 72,
		"region": "Africa",
		"sub_region": "Sub-Saharan Africa",
		"intermediate_region": "Southern Africa",
		"region_code": 2,
		"sub_region_code": 202,
		"intermediate_region_code": 18
	},
	{
		"country_id": 221,
		"country_name": "Bouvet Island",
		"alpha2": "BV",
		"alpha3": "BVT",
		"country_code": 74,
		"region": "Americas",
		"sub_region": "Latin America and the Caribbean",
		"intermediate_region": "South America",
		"region_code": 19,
		"sub_region_code": 419,
		"intermediate_region_code": 5
	},
	{
		"country_id": 222,
		"country_name": "Brazil",
		"alpha2": "BR",
		"alpha3": "BRA",
		"country_code": 76,
		"region": "Americas",
		"sub_region": "Latin America and the Caribbean",
		"intermediate_region": "South America",
		"region_code": 19,
		"sub_region_code": 419,
		"intermediate_region_code": 5
	},
	{
		"country_id": 223,
		"country_name": "British Indian Ocean Territory",
		"alpha2": "IO",
		"alpha3": "IOT",
		"country_code": 86,
		"region": "Africa",
		"sub_region": "Sub-Saharan Africa",
		"intermediate_region": "Eastern Africa",
		"region_code": 2,
		"sub_region_code": 202,
		"intermediate_region_code": 14
	},
	{
		"country_id": 224,
		"country_name": "Brunei Darussalam",
		"alpha2": "BN",
		"alpha3": "BRN",
		"country_code": 96,
		"region": "Asia",
		"sub_region": "South-eastern Asia",
		"region_code": 142,
		"sub_region_code": 35
	},
	{
		"country_id": 225,
		"country_name": "Bulgaria",
		"alpha2": "BG",
		"alpha3": "BGR",
		"country_code": 100,
		"region": "Europe",
		"sub_region": "Eastern Europe",
		"region_code": 150,
		"sub_region_code": 151
	},
	{
		"country_id": 226,
		"country_name": "Burkina Faso",
		"alpha2": "BF",
		"alpha3": "BFA",
		"country_code": 854,
		"region": "Africa",
		"sub_region": "Sub-Saharan Africa",
		"intermediate_region": "Western Africa",
		"region_code": 2,
		"sub_region_code": 202,
		"intermediate_region_code": 11
	},
	{
		"country_id": 227,
		"country_name": "Burundi",
		"alpha2": "BI",
		"alpha3": "BDI",
		"country_code": 108,
		"region": "Africa",
		"sub_region": "Sub-Saharan Africa",
		"intermediate_region": "Eastern Africa",
		"region_code": 2,
		"sub_region_code": 202,
		"intermediate_region_code": 14
	},
	{
		"country_id": 228,
		"country_name": "Cabo Verde",
		"alpha2": "CV",
		"alpha3": "CPV",
		"country_code": 132,
		"region": "Africa",
		"sub_region": "Sub-Saharan Africa",
		"intermediate_region": "Western Africa",
		"region_code": 2,
		"sub_region_code": 202,
		"intermediate_region_code": 11
	},
	{
		"country_id": 229,
		"country_name": "Cambodia",
		"alpha2": "KH",
		"alpha3": "KHM",
		"country_code": 116,
		"region": "Asia",
		"sub_region": "South-eastern Asia",
		"region_code": 142,
		"sub_region_code": 35
	},
	{
		"country_id": 230,
		"country_name": "Cameroon",
		"alpha2": "CM",
		"alpha3": "CMR",
		"country_code": 120,
		"region": "Africa",
		"sub_region": "Sub-Saharan Africa",
		"intermediate_region": "Middle Africa",
		"region_code": 2,
		"sub_region_code": 202,
		"intermediate_region_code": 17
	},
	{
		"country_id": 231,
		"country_name": "Canada",
		"alpha2": "CA",
		"alpha3": "CAN",
		"country_code": 124,
		"region": "Americas",
		"sub_region": "Northern America",
		"region_code": 19,
		"sub_region_code": 21
	},
	{
		"country_id": 232,
		"country_name": "Cayman Islands",
		"alpha2": "KY",
		"alpha3": "CYM",
		"country_code": 136,
		"region": "Americas",
		"sub_region": "Latin America and the Caribbean",
		"intermediate_region": "Caribbean",
		"region_code": 19,
		"sub_region_code": 419,
		"intermediate_region_code": 29
	},
	{
		"country_id": 233,
		"country_name": "Central African Republic",
		"alpha2": "CF",
		"alpha3": "CAF",
		"country_code": 140,
		"region": "Africa",
		"sub_region": "Sub-Saharan Africa",
		"intermediate_region": "Middle Africa",
		"region_code": 2,
		"sub_region_code": 202,
		"intermediate_region_code": 17
	},
	{
		"country_id": 234,
		"country_name": "Chad",
		"alpha2": "TD",
		"alpha3": "TCD",
		"country_code": 148,
		"region": "Africa",
		"sub_region": "Sub-Saharan Africa",
		"intermediate_region": "Middle Africa",
		"region_code": 2,
		"sub_region_code": 202,
		"intermediate_region_code": 17
	},
	{
		"country_id": 235,
		"country_name": "Chile",
		"alpha2": "CL",
		"alpha3": "CHL",
		"country_code": 152,
		"region": "Americas",
		"sub_region": "Latin America and the Caribbean",
		"intermediate_region": "South America",
		"region_code": 19,
		"sub_region_code": 419,
		"intermediate_region_code": 5
	},
	{
		"country_id": 236,
		"country_name": "China",
		"alpha2": "CN",
		"alpha3": "CHN",
		"country_code": 156,
		"region": "Asia",
		"sub_region": "Eastern Asia",
		"region_code": 142,
		"sub_region_code": 30
	},
	{
		"country_id": 237,
		"country_name": "Christmas Island",
		"alpha2": "CX",
		"alpha3": "CXR",
		"country_code": 162,
		"region": "Oceania",
		"sub_region": "Australia and New Zealand",
		"region_code": 9,
		"sub_region_code": 53
	},
	{
		"country_id": 238,
		"country_name": "Cocos (Keeling) Islands",
		"alpha2": "CC",
		"alpha3": "CCK",
		"country_code": 166,
		"region": "Oceania",
		"sub_region": "Australia and New Zealand",
		"region_code": 9,
		"sub_region_code": 53
	},
	{
		"country_id": 239,
		"country_name": "Colombia",
		"alpha2": "CO",
		"alpha3": "COL",
		"country_code": 170,
		"region": "Americas",
		"sub_region": "Latin America and the Caribbean",
		"intermediate_region": "South America",
		"region_code": 19,
		"sub_region_code": 419,
		"intermediate_region_code": 5
	},
	{
		"country_id": 240,
		"country_name": "Comoros",
		"alpha2": "KM",
		"alpha3": "COM",
		"country_code": 174,
		"region": "Africa",
		"sub_region": "Sub-Saharan Africa",
		"intermediate_region": "Eastern Africa",
		"region_code": 2,
		"sub_region_code": 202,
		"intermediate_region_code": 14
	},
	{
		"country_id": 241,
		"country_name": "Congo",
		"alpha2": "CG",
		"alpha3": "COG",
		"country_code": 178,
		"region": "Africa",
		"sub_region": "Sub-Saharan Africa",
		"intermediate_region": "Middle Africa",
		"region_code": 2,
		"sub_region_code": 202,
		"intermediate_region_code": 17
	},
	{
		"country_id": 242,
		"country_name": "Congo, Democratic Republic of the",
		"alpha2": "CD",
		"alpha3": "COD",
		"country_code": 180,
		"region": "Africa",
		"sub_region": "Sub-Saharan Africa",
		"intermediate_region": "Middle Africa",
		"region_code": 2,
		"sub_region_code": 202,
		"intermediate_region_code": 17
	},
	{
		"country_id": 243,
		"country_name": "Cook Islands",
		"alpha2": "CK",
		"alpha3": "COK",
		"country_code": 184,
		"region": "Oceania",
		"sub_region": "Polynesia",
		"region_code": 9,
		"sub_region_code": 61
	},
	{
		"country_id": 244,
		"country_name": "Costa Rica",
		"alpha2": "CR",
		"alpha3": "CRI",
		"country_code": 188,
		"region": "Americas",
		"sub_region": "Latin America and the Caribbean",
		"intermediate_region": "Central America",
		"region_code": 19,
		"sub_region_code": 419,
		"intermediate_region_code": 13
	},
	{
		"country_id": 245,
		"country_name": "Côte d'Ivoire",
		"alpha2": "CI",
		"alpha3": "CIV",
		"country_code": 384,
		"region": "Africa",
		"sub_region": "Sub-Saharan Africa",
		"intermediate_region": "Western Africa",
		"region_code": 2,
		"sub_region_code": 202,
		"intermediate_region_code": 11
	},
	{
		"country_id": 246,
		"country_name": "Croatia",
		"alpha2": "HR",
		"alpha3": "HRV",
		"country_code": 191,
		"region": "Europe",
		"sub_region": "Southern Europe",
		"region_code": 150,
		"sub_region_code": 39
	},
	{
		"country_id": 247,
		"country_name": "Cuba",
		"alpha2": "CU",
		"alpha3": "CUB",
		"country_code": 192,
		"region": "Americas",
		"sub_region": "Latin America and the Caribbean",
		"intermediate_region": "Caribbean",
		"region_code": 19,
		"sub_region_code": 419,
		"intermediate_region_code": 29
	},
	{
		"country_id": 248,
		"country_name": "Curaçao",
		"alpha2": "CW",
		"alpha3": "CUW",
		"country_code": 531,
		"region": "Americas",
		"sub_region": "Latin America and the Caribbean",
		"intermediate_region": "Caribbean",
		"region_code": 19,
		"sub_region_code": 419,
		"intermediate_region_code": 29
	},
	{
		"country_id": 249,
		"country_name": "Cyprus",
		"alpha2": "CY",
		"alpha3": "CYP",
		"country_code": 196,
		"region": "Asia",
		"sub_region": "Western Asia",
		"region_code": 142,
		"sub_region_code": 145
	}
]}